,county,metric,landuse,industry,corr
0,Delaware,Real Average Salary,Agricultural Land,"Total, All Industries",-0.35809202257212297
1,Greene,Real Average Salary,Agricultural Land,"Total, All Industries",0.34923521303483107
2,Schoharie,Real Average Salary,Agricultural Land,"Total, All Industries",-0.31822874185055544
3,Sullivan,Real Average Salary,Agricultural Land,"Total, All Industries",0.049821631694650655
4,Ulster,Real Average Salary,Agricultural Land,"Total, All Industries",0.07621317457231473
5,Delaware,Real Average Salary,Forest Land,"Total, All Industries",-0.24960893539904788
6,Greene,Real Average Salary,Forest Land,"Total, All Industries",0.17438267610512526
7,Schoharie,Real Average Salary,Forest Land,"Total, All Industries",0.02964567722183806
8,Sullivan,Real Average Salary,Forest Land,"Total, All Industries",-0.12146519297323258
9,Ulster,Real Average Salary,Forest Land,"Total, All Industries",-0.690302851905911
10,Delaware,Real Average Salary,Urban/Built-up Land,"Total, All Industries",-0.2630185415313175
11,Greene,Real Average Salary,Urban/Built-up Land,"Total, All Industries",0.22440472301824965
12,Schoharie,Real Average Salary,Urban/Built-up Land,"Total, All Industries",0.007960589445026166
13,Sullivan,Real Average Salary,Urban/Built-up Land,"Total, All Industries",-0.3918973423298808
14,Ulster,Real Average Salary,Urban/Built-up Land,"Total, All Industries",-0.48966553119954154
15,Delaware,Real Average Salary,Others,"Total, All Industries",0.010286166006874785
16,Greene,Real Average Salary,Others,"Total, All Industries",0.2225028333400993
17,Schoharie,Real Average Salary,Others,"Total, All Industries",0.034104872922720145
18,Sullivan,Real Average Salary,Others,"Total, All Industries",0.0666960686973472
19,Ulster,Real Average Salary,Others,"Total, All Industries",-0.32180467796308526
20,Delaware,Average Employment,Agricultural Land,"Total, All Industries",0.46898468372981206
21,Greene,Average Employment,Agricultural Land,"Total, All Industries",0.18477056379401038
22,Schoharie,Average Employment,Agricultural Land,"Total, All Industries",-0.33752769700110313
23,Sullivan,Average Employment,Agricultural Land,"Total, All Industries",-0.15916596344858394
24,Ulster,Average Employment,Agricultural Land,"Total, All Industries",-0.4484637530116397
25,Delaware,Average Employment,Forest Land,"Total, All Industries",0.1823410879734277
26,Greene,Average Employment,Forest Land,"Total, All Industries",0.27295666505203003
27,Schoharie,Average Employment,Forest Land,"Total, All Industries",-0.0071342675131728485
28,Sullivan,Average Employment,Forest Land,"Total, All Industries",-0.2518011763170028
29,Ulster,Average Employment,Forest Land,"Total, All Industries",0.44873218163864836
30,Delaware,Average Employment,Urban/Built-up Land,"Total, All Industries",0.09045722506284243
31,Greene,Average Employment,Urban/Built-up Land,"Total, All Industries",0.4679233328093265
32,Schoharie,Average Employment,Urban/Built-up Land,"Total, All Industries",0.012013776432565959
33,Sullivan,Average Employment,Urban/Built-up Land,"Total, All Industries",-0.2522465323927561
34,Ulster,Average Employment,Urban/Built-up Land,"Total, All Industries",0.24325425919063318
35,Delaware,Average Employment,Others,"Total, All Industries",0.17318836567616783
36,Greene,Average Employment,Others,"Total, All Industries",0.35506713600432005
37,Schoharie,Average Employment,Others,"Total, All Industries",-0.03664608900955945
38,Sullivan,Average Employment,Others,"Total, All Industries",-0.070453679094263
39,Ulster,Average Employment,Others,"Total, All Industries",0.11354990247786793
40,Delaware,Establishments,Agricultural Land,"Total, All Industries",0.45712129184699346
41,Greene,Establishments,Agricultural Land,"Total, All Industries",0.37256267765972195
42,Schoharie,Establishments,Agricultural Land,"Total, All Industries",0.08305329247547756
43,Sullivan,Establishments,Agricultural Land,"Total, All Industries",0.20199026579608811
44,Ulster,Establishments,Agricultural Land,"Total, All Industries",0.011784612911819531
45,Delaware,Establishments,Forest Land,"Total, All Industries",0.2764026782896114
46,Greene,Establishments,Forest Land,"Total, All Industries",0.3941917027574919
47,Schoharie,Establishments,Forest Land,"Total, All Industries",-0.48015528043889333
48,Sullivan,Establishments,Forest Land,"Total, All Industries",0.37347762305657944
49,Ulster,Establishments,Forest Land,"Total, All Industries",-0.6851374309664183
50,Delaware,Establishments,Urban/Built-up Land,"Total, All Industries",0.1269567444975747
51,Greene,Establishments,Urban/Built-up Land,"Total, All Industries",0.3734681959374899
52,Schoharie,Establishments,Urban/Built-up Land,"Total, All Industries",0.06094926095705235
53,Sullivan,Establishments,Urban/Built-up Land,"Total, All Industries",0.30372942039910644
54,Ulster,Establishments,Urban/Built-up Land,"Total, All Industries",-0.5413828804626549
55,Delaware,Establishments,Others,"Total, All Industries",0.07739597097175856
56,Greene,Establishments,Others,"Total, All Industries",0.25174267348390594
57,Schoharie,Establishments,Others,"Total, All Industries",-0.3971769226520235
58,Sullivan,Establishments,Others,"Total, All Industries",0.3428439478043397
59,Ulster,Establishments,Others,"Total, All Industries",-0.3491837000350148
60,Delaware,Real Average Salary,Agricultural Land,"Total, All Private",-0.09527772519450166
61,Greene,Real Average Salary,Agricultural Land,"Total, All Private",0.08568852004832456
62,Schoharie,Real Average Salary,Agricultural Land,"Total, All Private",-0.180291961997618
63,Sullivan,Real Average Salary,Agricultural Land,"Total, All Private",0.168233067185496
64,Ulster,Real Average Salary,Agricultural Land,"Total, All Private",-0.2186243895023784
65,Delaware,Real Average Salary,Forest Land,"Total, All Private",-0.009070061395746185
66,Greene,Real Average Salary,Forest Land,"Total, All Private",0.1492344982023018
67,Schoharie,Real Average Salary,Forest Land,"Total, All Private",-0.4388427865112689
68,Sullivan,Real Average Salary,Forest Land,"Total, All Private",-0.17582345615259515
69,Ulster,Real Average Salary,Forest Land,"Total, All Private",-0.3898548412479297
70,Delaware,Real Average Salary,Urban/Built-up Land,"Total, All Private",0.020636976086686354
71,Greene,Real Average Salary,Urban/Built-up Land,"Total, All Private",0.4191834990298261
72,Schoharie,Real Average Salary,Urban/Built-up Land,"Total, All Private",-0.011714619350661138
73,Sullivan,Real Average Salary,Urban/Built-up Land,"Total, All Private",-0.252095301822068
74,Ulster,Real Average Salary,Urban/Built-up Land,"Total, All Private",-0.4202236421654169
75,Delaware,Real Average Salary,Others,"Total, All Private",0.208811087120834
76,Greene,Real Average Salary,Others,"Total, All Private",0.30560887023821304
77,Schoharie,Real Average Salary,Others,"Total, All Private",-0.2073804015940716
78,Sullivan,Real Average Salary,Others,"Total, All Private",-0.11355778638422306
79,Ulster,Real Average Salary,Others,"Total, All Private",-0.23867798593413886
80,Delaware,Average Employment,Agricultural Land,"Total, All Private",0.43385204697331564
81,Greene,Average Employment,Agricultural Land,"Total, All Private",0.16806216889026288
82,Schoharie,Average Employment,Agricultural Land,"Total, All Private",-0.3342986677307873
83,Sullivan,Average Employment,Agricultural Land,"Total, All Private",-0.20590185159396757
84,Ulster,Average Employment,Agricultural Land,"Total, All Private",-0.5287254256952526
85,Delaware,Average Employment,Forest Land,"Total, All Private",0.12910137173458008
86,Greene,Average Employment,Forest Land,"Total, All Private",0.21945021561445163
87,Schoharie,Average Employment,Forest Land,"Total, All Private",-0.21569159935736565
88,Sullivan,Average Employment,Forest Land,"Total, All Private",-0.34903989382750505
89,Ulster,Average Employment,Forest Land,"Total, All Private",0.2985049097988856
90,Delaware,Average Employment,Urban/Built-up Land,"Total, All Private",0.03614254614132401
91,Greene,Average Employment,Urban/Built-up Land,"Total, All Private",0.39091373585636185
92,Schoharie,Average Employment,Urban/Built-up Land,"Total, All Private",0.0390995684654946
93,Sullivan,Average Employment,Urban/Built-up Land,"Total, All Private",-0.3193990011383193
94,Ulster,Average Employment,Urban/Built-up Land,"Total, All Private",0.14858162071684894
95,Delaware,Average Employment,Others,"Total, All Private",0.16369673488769518
96,Greene,Average Employment,Others,"Total, All Private",0.32407322526810334
97,Schoharie,Average Employment,Others,"Total, All Private",-0.2139886526846428
98,Sullivan,Average Employment,Others,"Total, All Private",-0.15596034852263072
99,Ulster,Average Employment,Others,"Total, All Private",-0.016322135970042787
100,Delaware,Establishments,Agricultural Land,"Total, All Private",0.40621614443950094
101,Greene,Establishments,Agricultural Land,"Total, All Private",0.48698058636957314
102,Schoharie,Establishments,Agricultural Land,"Total, All Private",0.07144876088390577
103,Sullivan,Establishments,Agricultural Land,"Total, All Private",0.16113119789894553
104,Ulster,Establishments,Agricultural Land,"Total, All Private",0.017835365828671332
105,Delaware,Establishments,Forest Land,"Total, All Private",0.20508851779092904
106,Greene,Establishments,Forest Land,"Total, All Private",0.35018067830625055
107,Schoharie,Establishments,Forest Land,"Total, All Private",-0.43968355405069315
108,Sullivan,Establishments,Forest Land,"Total, All Private",0.4208587828610803
109,Ulster,Establishments,Forest Land,"Total, All Private",-0.6679203234817173
110,Delaware,Establishments,Urban/Built-up Land,"Total, All Private",0.0840995558473817
111,Greene,Establishments,Urban/Built-up Land,"Total, All Private",0.1194010094637871
112,Schoharie,Establishments,Urban/Built-up Land,"Total, All Private",0.10436333156664247
113,Sullivan,Establishments,Urban/Built-up Land,"Total, All Private",0.3063503552620116
114,Ulster,Establishments,Urban/Built-up Land,"Total, All Private",-0.5476705284359602
115,Delaware,Establishments,Others,"Total, All Private",0.08445748947924067
116,Greene,Establishments,Others,"Total, All Private",0.08646581489787292
117,Schoharie,Establishments,Others,"Total, All Private",-0.42469821868236274
118,Sullivan,Establishments,Others,"Total, All Private",0.3646265505735951
119,Ulster,Establishments,Others,"Total, All Private",-0.3483390252174364
120,Delaware,Real Average Salary,Agricultural Land,"Agriculture, Forestry, Fishing and Hunting",0.11900685297991037
121,Greene,Real Average Salary,Agricultural Land,"Agriculture, Forestry, Fishing and Hunting",-0.04395802477780747
122,Schoharie,Real Average Salary,Agricultural Land,"Agriculture, Forestry, Fishing and Hunting",0.24135786804230303
123,Sullivan,Real Average Salary,Agricultural Land,"Agriculture, Forestry, Fishing and Hunting",-0.07642148942518362
124,Ulster,Real Average Salary,Agricultural Land,"Agriculture, Forestry, Fishing and Hunting",0.13433461635721972
125,Delaware,Real Average Salary,Forest Land,"Agriculture, Forestry, Fishing and Hunting",0.252875056675575
126,Greene,Real Average Salary,Forest Land,"Agriculture, Forestry, Fishing and Hunting",0.16749155246373076
127,Schoharie,Real Average Salary,Forest Land,"Agriculture, Forestry, Fishing and Hunting",0.5251200490030037
128,Sullivan,Real Average Salary,Forest Land,"Agriculture, Forestry, Fishing and Hunting",-0.3400175889160377
129,Ulster,Real Average Salary,Forest Land,"Agriculture, Forestry, Fishing and Hunting",-0.7016137210017729
130,Delaware,Real Average Salary,Urban/Built-up Land,"Agriculture, Forestry, Fishing and Hunting",0.2732481770235794
131,Greene,Real Average Salary,Urban/Built-up Land,"Agriculture, Forestry, Fishing and Hunting",0.2333619396553972
132,Schoharie,Real Average Salary,Urban/Built-up Land,"Agriculture, Forestry, Fishing and Hunting",0.3818983827281696
133,Sullivan,Real Average Salary,Urban/Built-up Land,"Agriculture, Forestry, Fishing and Hunting",-0.25650777847830214
134,Ulster,Real Average Salary,Urban/Built-up Land,"Agriculture, Forestry, Fishing and Hunting",-0.4193330907247646
135,Delaware,Real Average Salary,Others,"Agriculture, Forestry, Fishing and Hunting",-0.08438165443531766
136,Greene,Real Average Salary,Others,"Agriculture, Forestry, Fishing and Hunting",0.04560659246552772
137,Schoharie,Real Average Salary,Others,"Agriculture, Forestry, Fishing and Hunting",0.41186877877846
138,Sullivan,Real Average Salary,Others,"Agriculture, Forestry, Fishing and Hunting",-0.312046679953564
139,Ulster,Real Average Salary,Others,"Agriculture, Forestry, Fishing and Hunting",-0.1790711007329045
140,Delaware,Average Employment,Agricultural Land,"Agriculture, Forestry, Fishing and Hunting",-0.10541340009361301
141,Greene,Average Employment,Agricultural Land,"Agriculture, Forestry, Fishing and Hunting",-0.4629842752549706
142,Schoharie,Average Employment,Agricultural Land,"Agriculture, Forestry, Fishing and Hunting",0.1505205833477086
143,Sullivan,Average Employment,Agricultural Land,"Agriculture, Forestry, Fishing and Hunting",-0.432753723085896
144,Ulster,Average Employment,Agricultural Land,"Agriculture, Forestry, Fishing and Hunting",0.002487917805836684
145,Delaware,Average Employment,Forest Land,"Agriculture, Forestry, Fishing and Hunting",-0.31070069979069187
146,Greene,Average Employment,Forest Land,"Agriculture, Forestry, Fishing and Hunting",-0.21254447132681833
147,Schoharie,Average Employment,Forest Land,"Agriculture, Forestry, Fishing and Hunting",-0.47355016326836885
148,Sullivan,Average Employment,Forest Land,"Agriculture, Forestry, Fishing and Hunting",-0.5608268277864715
149,Ulster,Average Employment,Forest Land,"Agriculture, Forestry, Fishing and Hunting",-0.6755322591854278
150,Delaware,Average Employment,Urban/Built-up Land,"Agriculture, Forestry, Fishing and Hunting",-0.33637628627295324
151,Greene,Average Employment,Urban/Built-up Land,"Agriculture, Forestry, Fishing and Hunting",-0.19533535587415693
152,Schoharie,Average Employment,Urban/Built-up Land,"Agriculture, Forestry, Fishing and Hunting",-0.025251268735697566
153,Sullivan,Average Employment,Urban/Built-up Land,"Agriculture, Forestry, Fishing and Hunting",-0.4884537735420526
154,Ulster,Average Employment,Urban/Built-up Land,"Agriculture, Forestry, Fishing and Hunting",-0.598493413233812
155,Delaware,Average Employment,Others,"Agriculture, Forestry, Fishing and Hunting",0.15640160808104842
156,Greene,Average Employment,Others,"Agriculture, Forestry, Fishing and Hunting",-0.09950669727169634
157,Schoharie,Average Employment,Others,"Agriculture, Forestry, Fishing and Hunting",-0.25919145970621155
158,Sullivan,Average Employment,Others,"Agriculture, Forestry, Fishing and Hunting",-0.28006375166813574
159,Ulster,Average Employment,Others,"Agriculture, Forestry, Fishing and Hunting",-0.535518460047297
160,Delaware,Establishments,Agricultural Land,"Agriculture, Forestry, Fishing and Hunting",-0.14616539076792603
161,Greene,Establishments,Agricultural Land,"Agriculture, Forestry, Fishing and Hunting",-0.28201521362779136
162,Schoharie,Establishments,Agricultural Land,"Agriculture, Forestry, Fishing and Hunting",0.10525204854463274
163,Sullivan,Establishments,Agricultural Land,"Agriculture, Forestry, Fishing and Hunting",-0.2753449384705269
164,Ulster,Establishments,Agricultural Land,"Agriculture, Forestry, Fishing and Hunting",-0.2904706452644819
165,Delaware,Establishments,Forest Land,"Agriculture, Forestry, Fishing and Hunting",-0.1216110301854975
166,Greene,Establishments,Forest Land,"Agriculture, Forestry, Fishing and Hunting",0.17269615569841032
167,Schoharie,Establishments,Forest Land,"Agriculture, Forestry, Fishing and Hunting",-0.3820243359479721
168,Sullivan,Establishments,Forest Land,"Agriculture, Forestry, Fishing and Hunting",-0.13231960830651185
169,Ulster,Establishments,Forest Land,"Agriculture, Forestry, Fishing and Hunting",0.5131126967665278
170,Delaware,Establishments,Urban/Built-up Land,"Agriculture, Forestry, Fishing and Hunting",0.0529290255602362
171,Greene,Establishments,Urban/Built-up Land,"Agriculture, Forestry, Fishing and Hunting",0.31038069201085505
172,Schoharie,Establishments,Urban/Built-up Land,"Agriculture, Forestry, Fishing and Hunting",0.04369576890481264
173,Sullivan,Establishments,Urban/Built-up Land,"Agriculture, Forestry, Fishing and Hunting",-0.168246978996302
174,Ulster,Establishments,Urban/Built-up Land,"Agriculture, Forestry, Fishing and Hunting",0.43885991730780693
175,Delaware,Establishments,Others,"Agriculture, Forestry, Fishing and Hunting",0.1976030520839957
176,Greene,Establishments,Others,"Agriculture, Forestry, Fishing and Hunting",0.08315141214278052
177,Schoharie,Establishments,Others,"Agriculture, Forestry, Fishing and Hunting",-0.2345920436795396
178,Sullivan,Establishments,Others,"Agriculture, Forestry, Fishing and Hunting",-0.09639414759437608
179,Ulster,Establishments,Others,"Agriculture, Forestry, Fishing and Hunting",0.16269340193524168
180,Delaware,Real Average Salary,Agricultural Land,Construction,0.10794216526989012
181,Greene,Real Average Salary,Agricultural Land,Construction,0.539117392047482
182,Schoharie,Real Average Salary,Agricultural Land,Construction,0.011381788137265751
183,Sullivan,Real Average Salary,Agricultural Land,Construction,-0.15639791244305354
184,Ulster,Real Average Salary,Agricultural Land,Construction,-0.15505982485231537
185,Delaware,Real Average Salary,Forest Land,Construction,-0.14912054525224525
186,Greene,Real Average Salary,Forest Land,Construction,0.4451491746587873
187,Schoharie,Real Average Salary,Forest Land,Construction,-0.3679902598110198
188,Sullivan,Real Average Salary,Forest Land,Construction,-0.44076846795978986
189,Ulster,Real Average Salary,Forest Land,Construction,-0.5114419596018801
190,Delaware,Real Average Salary,Urban/Built-up Land,Construction,-0.07936118378942479
191,Greene,Real Average Salary,Urban/Built-up Land,Construction,0.20695192741492993
192,Schoharie,Real Average Salary,Urban/Built-up Land,Construction,-0.00039284617920011083
193,Sullivan,Real Average Salary,Urban/Built-up Land,Construction,-0.43944041876571377
194,Ulster,Real Average Salary,Urban/Built-up Land,Construction,-0.2345459285369532
195,Delaware,Real Average Salary,Others,Construction,0.32652329371634964
196,Greene,Real Average Salary,Others,Construction,0.2506398151398928
197,Schoharie,Real Average Salary,Others,Construction,-0.06814949417767871
198,Sullivan,Real Average Salary,Others,Construction,-0.2791411393531172
199,Ulster,Real Average Salary,Others,Construction,-0.13379864369384756
200,Delaware,Average Employment,Agricultural Land,Construction,0.5234176041487144
201,Greene,Average Employment,Agricultural Land,Construction,0.47735048347955994
202,Schoharie,Average Employment,Agricultural Land,Construction,-0.2175289254459843
203,Sullivan,Average Employment,Agricultural Land,Construction,-0.1303684453675792
204,Ulster,Average Employment,Agricultural Land,Construction,-0.4323387541272602
205,Delaware,Average Employment,Forest Land,Construction,0.23032188269496215
206,Greene,Average Employment,Forest Land,Construction,0.19202038300507437
207,Schoharie,Average Employment,Forest Land,Construction,-0.0002462680275115478
208,Sullivan,Average Employment,Forest Land,Construction,0.08820431370749057
209,Ulster,Average Employment,Forest Land,Construction,-0.052032111882667466
210,Delaware,Average Employment,Urban/Built-up Land,Construction,0.2363460795994298
211,Greene,Average Employment,Urban/Built-up Land,Construction,-0.08864718337978558
212,Schoharie,Average Employment,Urban/Built-up Land,Construction,-0.17506502707462732
213,Sullivan,Average Employment,Urban/Built-up Land,Construction,-0.08604025432440338
214,Ulster,Average Employment,Urban/Built-up Land,Construction,-0.13102926913475635
215,Delaware,Average Employment,Others,Construction,0.5611796036319674
216,Greene,Average Employment,Others,Construction,-0.05465464001681106
217,Schoharie,Average Employment,Others,Construction,0.0250659836177772
218,Sullivan,Average Employment,Others,Construction,0.2231282285762878
219,Ulster,Average Employment,Others,Construction,-0.1309425091483088
220,Delaware,Establishments,Agricultural Land,Construction,0.15832097225277483
221,Greene,Establishments,Agricultural Land,Construction,0.4567753724696302
222,Schoharie,Establishments,Agricultural Land,Construction,0.1038795827192591
223,Sullivan,Establishments,Agricultural Land,Construction,0.3012674399732476
224,Ulster,Establishments,Agricultural Land,Construction,0.12173734211656081
225,Delaware,Establishments,Forest Land,Construction,0.3514826049503986
226,Greene,Establishments,Forest Land,Construction,0.44122316939583006
227,Schoharie,Establishments,Forest Land,Construction,-0.43873789524569107
228,Sullivan,Establishments,Forest Land,Construction,0.31647425535552104
229,Ulster,Establishments,Forest Land,Construction,-0.20882485644750265
230,Delaware,Establishments,Urban/Built-up Land,Construction,0.301931035858885
231,Greene,Establishments,Urban/Built-up Land,Construction,0.2637079416292956
232,Schoharie,Establishments,Urban/Built-up Land,Construction,-0.06313923366306734
233,Sullivan,Establishments,Urban/Built-up Land,Construction,0.3707590737698284
234,Ulster,Establishments,Urban/Built-up Land,Construction,-0.22513668563011288
235,Delaware,Establishments,Others,Construction,0.07404265633457417
236,Greene,Establishments,Others,Construction,0.16409383053757357
237,Schoharie,Establishments,Others,Construction,-0.33558576938779533
238,Sullivan,Establishments,Others,Construction,0.20492924560941034
239,Ulster,Establishments,Others,Construction,-0.03785231995564224
240,Delaware,Real Average Salary,Agricultural Land,Manufacturing,-0.2946769900770924
241,Greene,Real Average Salary,Agricultural Land,Manufacturing,0.3018493414084184
242,Schoharie,Real Average Salary,Agricultural Land,Manufacturing,0.09921744703621219
243,Sullivan,Real Average Salary,Agricultural Land,Manufacturing,-0.2635664498203952
244,Ulster,Real Average Salary,Agricultural Land,Manufacturing,-0.16758628425266694
245,Delaware,Real Average Salary,Forest Land,Manufacturing,-0.07811998736969666
246,Greene,Real Average Salary,Forest Land,Manufacturing,0.3712878219014336
247,Schoharie,Real Average Salary,Forest Land,Manufacturing,-0.12415162020238653
248,Sullivan,Real Average Salary,Forest Land,Manufacturing,-0.20082370307032024
249,Ulster,Real Average Salary,Forest Land,Manufacturing,0.33424181323744256
250,Delaware,Real Average Salary,Urban/Built-up Land,Manufacturing,-0.03811621871634964
251,Greene,Real Average Salary,Urban/Built-up Land,Manufacturing,0.6838339599279966
252,Schoharie,Real Average Salary,Urban/Built-up Land,Manufacturing,0.32452424956032444
253,Sullivan,Real Average Salary,Urban/Built-up Land,Manufacturing,-0.2919385726322181
254,Ulster,Real Average Salary,Urban/Built-up Land,Manufacturing,0.08245954793227354
255,Delaware,Real Average Salary,Others,Manufacturing,0.07044632818054686
256,Greene,Real Average Salary,Others,Manufacturing,0.3571280293218228
257,Schoharie,Real Average Salary,Others,Manufacturing,-0.10235368191092159
258,Sullivan,Real Average Salary,Others,Manufacturing,-0.11444983179678718
259,Ulster,Real Average Salary,Others,Manufacturing,0.012124155659317435
260,Delaware,Average Employment,Agricultural Land,Manufacturing,0.42053583989464194
261,Greene,Average Employment,Agricultural Land,Manufacturing,-0.021300304112764328
262,Schoharie,Average Employment,Agricultural Land,Manufacturing,-0.2106563280764898
263,Sullivan,Average Employment,Agricultural Land,Manufacturing,-0.018446850540554192
264,Ulster,Average Employment,Agricultural Land,Manufacturing,-0.15710779844428446
265,Delaware,Average Employment,Forest Land,Manufacturing,0.09484178544795263
266,Greene,Average Employment,Forest Land,Manufacturing,0.06482884458860155
267,Schoharie,Average Employment,Forest Land,Manufacturing,0.061434441460171754
268,Sullivan,Average Employment,Forest Land,Manufacturing,-0.3813333073072712
269,Ulster,Average Employment,Forest Land,Manufacturing,0.6764444224820758
270,Delaware,Average Employment,Urban/Built-up Land,Manufacturing,-0.005482686835238572
271,Greene,Average Employment,Urban/Built-up Land,Manufacturing,0.14553784742519763
272,Schoharie,Average Employment,Urban/Built-up Land,Manufacturing,0.20140546415194824
273,Sullivan,Average Employment,Urban/Built-up Land,Manufacturing,-0.18088253883986988
274,Ulster,Average Employment,Urban/Built-up Land,Manufacturing,0.5285472580985117
275,Delaware,Average Employment,Others,Manufacturing,0.15007743353264985
276,Greene,Average Employment,Others,Manufacturing,0.0692665668383588
277,Schoharie,Average Employment,Others,Manufacturing,-0.057074007314773745
278,Sullivan,Average Employment,Others,Manufacturing,-0.2616112418323582
279,Ulster,Average Employment,Others,Manufacturing,0.24853777934688318
280,Delaware,Establishments,Agricultural Land,Manufacturing,-0.20763354039565177
281,Greene,Establishments,Agricultural Land,Manufacturing,-0.1711701135511705
282,Schoharie,Establishments,Agricultural Land,Manufacturing,-0.1600390432399556
283,Sullivan,Establishments,Agricultural Land,Manufacturing,-0.07684388638288242
284,Ulster,Establishments,Agricultural Land,Manufacturing,-0.15618274210575536
285,Delaware,Establishments,Forest Land,Manufacturing,-0.3001792006856567
286,Greene,Establishments,Forest Land,Manufacturing,-0.20904445918478828
287,Schoharie,Establishments,Forest Land,Manufacturing,-0.10245281052547624
288,Sullivan,Establishments,Forest Land,Manufacturing,0.35443764436589553
289,Ulster,Establishments,Forest Land,Manufacturing,0.6775386524242447
290,Delaware,Establishments,Urban/Built-up Land,Manufacturing,-0.25202360736182194
291,Greene,Establishments,Urban/Built-up Land,Manufacturing,-0.3961692872436749
292,Schoharie,Establishments,Urban/Built-up Land,Manufacturing,0.1101115584153201
293,Sullivan,Establishments,Urban/Built-up Land,Manufacturing,0.19553818930456665
294,Ulster,Establishments,Urban/Built-up Land,Manufacturing,0.5253443635710155
295,Delaware,Establishments,Others,Manufacturing,-0.16908750471751263
296,Greene,Establishments,Others,Manufacturing,-0.34142842264521467
297,Schoharie,Establishments,Others,Manufacturing,-0.09318114244060857
298,Sullivan,Establishments,Others,Manufacturing,0.28838534400833404
299,Ulster,Establishments,Others,Manufacturing,0.32239545735220826
300,Delaware,Real Average Salary,Agricultural Land,Wholesale Trade,-0.0617297859012753
301,Greene,Real Average Salary,Agricultural Land,Wholesale Trade,-0.029435375965092624
302,Schoharie,Real Average Salary,Agricultural Land,Wholesale Trade,0.10470949723573014
303,Sullivan,Real Average Salary,Agricultural Land,Wholesale Trade,-0.11262954099350818
304,Ulster,Real Average Salary,Agricultural Land,Wholesale Trade,-0.3146114194186779
305,Delaware,Real Average Salary,Forest Land,Wholesale Trade,-0.011358152001666075
306,Greene,Real Average Salary,Forest Land,Wholesale Trade,0.22333432031126182
307,Schoharie,Real Average Salary,Forest Land,Wholesale Trade,-0.4364500443131102
308,Sullivan,Real Average Salary,Forest Land,Wholesale Trade,-0.4291419689835827
309,Ulster,Real Average Salary,Forest Land,Wholesale Trade,-0.41844441500859114
310,Delaware,Real Average Salary,Urban/Built-up Land,Wholesale Trade,0.09359113442489872
311,Greene,Real Average Salary,Urban/Built-up Land,Wholesale Trade,0.39888066671415745
312,Schoharie,Real Average Salary,Urban/Built-up Land,Wholesale Trade,0.19686213480724088
313,Sullivan,Real Average Salary,Urban/Built-up Land,Wholesale Trade,-0.26667691448975195
314,Ulster,Real Average Salary,Urban/Built-up Land,Wholesale Trade,-0.28564173135804044
315,Delaware,Real Average Salary,Others,Wholesale Trade,0.19995083366274133
316,Greene,Real Average Salary,Others,Wholesale Trade,0.2938417994219539
317,Schoharie,Real Average Salary,Others,Wholesale Trade,-0.48757248635112355
318,Sullivan,Real Average Salary,Others,Wholesale Trade,-0.3714750511817603
319,Ulster,Real Average Salary,Others,Wholesale Trade,-0.16952495622095667
320,Delaware,Average Employment,Agricultural Land,Wholesale Trade,0.4141902316921562
321,Greene,Average Employment,Agricultural Land,Wholesale Trade,0.14480353728305265
322,Schoharie,Average Employment,Agricultural Land,Wholesale Trade,0.14334984274260024
323,Sullivan,Average Employment,Agricultural Land,Wholesale Trade,-0.1133983725866799
324,Ulster,Average Employment,Agricultural Land,Wholesale Trade,-0.2159956614067389
325,Delaware,Average Employment,Forest Land,Wholesale Trade,0.17403057773841019
326,Greene,Average Employment,Forest Land,Wholesale Trade,0.2449992367829887
327,Schoharie,Average Employment,Forest Land,Wholesale Trade,-0.3542998086134079
328,Sullivan,Average Employment,Forest Land,Wholesale Trade,0.32728193633392605
329,Ulster,Average Employment,Forest Land,Wholesale Trade,-0.1698722750087706
330,Delaware,Average Employment,Urban/Built-up Land,Wholesale Trade,0.024778557332558886
331,Greene,Average Employment,Urban/Built-up Land,Wholesale Trade,0.29994390651379627
332,Schoharie,Average Employment,Urban/Built-up Land,Wholesale Trade,-0.05874203472987811
333,Sullivan,Average Employment,Urban/Built-up Land,Wholesale Trade,0.185877955431654
334,Ulster,Average Employment,Urban/Built-up Land,Wholesale Trade,-0.10558340263889705
335,Delaware,Average Employment,Others,Wholesale Trade,0.0629059800430578
336,Greene,Average Employment,Others,Wholesale Trade,0.3080336689614495
337,Schoharie,Average Employment,Others,Wholesale Trade,-0.35863140562945206
338,Sullivan,Average Employment,Others,Wholesale Trade,0.40183595206101286
339,Ulster,Average Employment,Others,Wholesale Trade,-0.225615640362769
340,Delaware,Establishments,Agricultural Land,Wholesale Trade,0.1911024418713758
341,Greene,Establishments,Agricultural Land,Wholesale Trade,0.2969733626140732
342,Schoharie,Establishments,Agricultural Land,Wholesale Trade,-0.27565980397180334
343,Sullivan,Establishments,Agricultural Land,Wholesale Trade,0.00711912748770038
344,Ulster,Establishments,Agricultural Land,Wholesale Trade,0.2340485180060433
345,Delaware,Establishments,Forest Land,Wholesale Trade,0.2276074652958795
346,Greene,Establishments,Forest Land,Wholesale Trade,0.18339690407682202
347,Schoharie,Establishments,Forest Land,Wholesale Trade,0.07384853620316997
348,Sullivan,Establishments,Forest Land,Wholesale Trade,0.4370640430196862
349,Ulster,Establishments,Forest Land,Wholesale Trade,-0.4767608832029392
350,Delaware,Establishments,Urban/Built-up Land,Wholesale Trade,0.10407068778422304
351,Greene,Establishments,Urban/Built-up Land,Wholesale Trade,-0.24354868259363596
352,Schoharie,Establishments,Urban/Built-up Land,Wholesale Trade,-0.2614914172700922
353,Sullivan,Establishments,Urban/Built-up Land,Wholesale Trade,0.32709145040401033
354,Ulster,Establishments,Urban/Built-up Land,Wholesale Trade,-0.2162731285874394
355,Delaware,Establishments,Others,Wholesale Trade,-0.14538321551753206
356,Greene,Establishments,Others,Wholesale Trade,-0.09938942418998757
357,Schoharie,Establishments,Others,Wholesale Trade,0.1392322334714077
358,Sullivan,Establishments,Others,Wholesale Trade,0.3543184517117726
359,Ulster,Establishments,Others,Wholesale Trade,-0.2062540183096087
360,Delaware,Real Average Salary,Agricultural Land,Retail Trade,0.4146757962094338
361,Greene,Real Average Salary,Agricultural Land,Retail Trade,0.30789834291623064
362,Schoharie,Real Average Salary,Agricultural Land,Retail Trade,-0.05910717760387386
363,Sullivan,Real Average Salary,Agricultural Land,Retail Trade,0.21813737301311414
364,Ulster,Real Average Salary,Agricultural Land,Retail Trade,-0.28880220983943333
365,Delaware,Real Average Salary,Forest Land,Retail Trade,0.30763135602072256
366,Greene,Real Average Salary,Forest Land,Retail Trade,-0.10403498112863041
367,Schoharie,Real Average Salary,Forest Land,Retail Trade,0.13280353184178856
368,Sullivan,Real Average Salary,Forest Land,Retail Trade,0.12544438297006594
369,Ulster,Real Average Salary,Forest Land,Retail Trade,0.007100916674215982
370,Delaware,Real Average Salary,Urban/Built-up Land,Retail Trade,0.166765046270381
371,Greene,Real Average Salary,Urban/Built-up Land,Retail Trade,-0.233686685147059
372,Schoharie,Real Average Salary,Urban/Built-up Land,Retail Trade,-0.012357105034491098
373,Sullivan,Real Average Salary,Urban/Built-up Land,Retail Trade,-0.15543397296243994
374,Ulster,Real Average Salary,Urban/Built-up Land,Retail Trade,-0.13409023515806276
375,Delaware,Real Average Salary,Others,Retail Trade,0.0671527148984992
376,Greene,Real Average Salary,Others,Retail Trade,-0.16698435004761816
377,Schoharie,Real Average Salary,Others,Retail Trade,0.4447183633948862
378,Sullivan,Real Average Salary,Others,Retail Trade,0.25825714333521477
379,Ulster,Real Average Salary,Others,Retail Trade,0.2477700412817025
380,Delaware,Average Employment,Agricultural Land,Retail Trade,0.1436597674760983
381,Greene,Average Employment,Agricultural Land,Retail Trade,0.05811871787124284
382,Schoharie,Average Employment,Agricultural Land,Retail Trade,-0.17744139427330022
383,Sullivan,Average Employment,Agricultural Land,Retail Trade,0.08710135397721076
384,Ulster,Average Employment,Agricultural Land,Retail Trade,-0.3171985817066262
385,Delaware,Average Employment,Forest Land,Retail Trade,0.016200520400370146
386,Greene,Average Employment,Forest Land,Retail Trade,0.26483407343148546
387,Schoharie,Average Employment,Forest Land,Retail Trade,0.43003246649552773
388,Sullivan,Average Employment,Forest Land,Retail Trade,0.3653406310052403
389,Ulster,Average Employment,Forest Land,Retail Trade,0.29493521198456646
390,Delaware,Average Employment,Urban/Built-up Land,Retail Trade,-0.05735020107551103
391,Greene,Average Employment,Urban/Built-up Land,Retail Trade,0.5516638445539764
392,Schoharie,Average Employment,Urban/Built-up Land,Retail Trade,0.09370203525113514
393,Sullivan,Average Employment,Urban/Built-up Land,Retail Trade,0.15523016552484759
394,Ulster,Average Employment,Urban/Built-up Land,Retail Trade,0.26627737718558286
395,Delaware,Average Employment,Others,Retail Trade,-0.05249744112141775
396,Greene,Average Employment,Others,Retail Trade,0.3461875192962789
397,Schoharie,Average Employment,Others,Retail Trade,0.231634634300168
398,Sullivan,Average Employment,Others,Retail Trade,0.4166753631256627
399,Ulster,Average Employment,Others,Retail Trade,-0.016110419965366156
400,Delaware,Establishments,Agricultural Land,Retail Trade,0.38434937251003154
401,Greene,Establishments,Agricultural Land,Retail Trade,-0.5225996741869029
402,Schoharie,Establishments,Agricultural Land,Retail Trade,-0.21217213618525116
403,Sullivan,Establishments,Agricultural Land,Retail Trade,0.19259542084523548
404,Ulster,Establishments,Agricultural Land,Retail Trade,-0.046406252680418376
405,Delaware,Establishments,Forest Land,Retail Trade,0.11451869686220441
406,Greene,Establishments,Forest Land,Retail Trade,-0.6336554593058519
407,Schoharie,Establishments,Forest Land,Retail Trade,0.4518348445454068
408,Sullivan,Establishments,Forest Land,Retail Trade,0.43044344162746234
409,Ulster,Establishments,Forest Land,Retail Trade,0.5145483841400363
410,Delaware,Establishments,Urban/Built-up Land,Retail Trade,-0.05623650417417674
411,Greene,Establishments,Urban/Built-up Land,Retail Trade,-0.5667092124592962
412,Schoharie,Establishments,Urban/Built-up Land,Retail Trade,0.15994571636334776
413,Sullivan,Establishments,Urban/Built-up Land,Retail Trade,0.40318550092057165
414,Ulster,Establishments,Urban/Built-up Land,Retail Trade,0.4441848656755011
415,Delaware,Establishments,Others,Retail Trade,0.09357863174357252
416,Greene,Establishments,Others,Retail Trade,-0.38917277638388115
417,Schoharie,Establishments,Others,Retail Trade,0.15851040053713217
418,Sullivan,Establishments,Others,Retail Trade,0.265463656999062
419,Ulster,Establishments,Others,Retail Trade,0.1551588483146547
420,Delaware,Real Average Salary,Agricultural Land,Information,-0.06545212302267028
421,Greene,Real Average Salary,Agricultural Land,Information,-0.22077002881392618
422,Schoharie,Real Average Salary,Agricultural Land,Information,-0.031083210534512625
423,Sullivan,Real Average Salary,Agricultural Land,Information,-0.07052442492677463
424,Ulster,Real Average Salary,Agricultural Land,Information,0.39189121451734643
425,Delaware,Real Average Salary,Forest Land,Information,0.005085697062300576
426,Greene,Real Average Salary,Forest Land,Information,-0.295871976838515
427,Schoharie,Real Average Salary,Forest Land,Information,0.24761727369873415
428,Sullivan,Real Average Salary,Forest Land,Information,0.18972618903769622
429,Ulster,Real Average Salary,Forest Land,Information,-0.4966790709262903
430,Delaware,Real Average Salary,Urban/Built-up Land,Information,0.1028092993024689
431,Greene,Real Average Salary,Urban/Built-up Land,Information,0.10276023232131798
432,Schoharie,Real Average Salary,Urban/Built-up Land,Information,-0.006211347283218943
433,Sullivan,Real Average Salary,Urban/Built-up Land,Information,0.05051405668357635
434,Ulster,Real Average Salary,Urban/Built-up Land,Information,-0.43007161095161733
435,Delaware,Real Average Salary,Others,Information,-0.008454222017872987
436,Greene,Real Average Salary,Others,Information,-0.01709224765206437
437,Schoharie,Real Average Salary,Others,Information,0.17962209353191577
438,Sullivan,Real Average Salary,Others,Information,0.19455723907305766
439,Ulster,Real Average Salary,Others,Information,-0.2360004211455122
440,Delaware,Average Employment,Agricultural Land,Information,-0.017254560139594092
441,Greene,Average Employment,Agricultural Land,Information,-0.4193172659162544
442,Schoharie,Average Employment,Agricultural Land,Information,-0.15379610366391203
443,Sullivan,Average Employment,Agricultural Land,Information,-0.008192901493185746
444,Ulster,Average Employment,Agricultural Land,Information,-0.20799307961354627
445,Delaware,Average Employment,Forest Land,Information,-0.055485638123007455
446,Greene,Average Employment,Forest Land,Information,-0.600145116679182
447,Schoharie,Average Employment,Forest Land,Information,0.5415394088422901
448,Sullivan,Average Employment,Forest Land,Information,0.4264156235545963
449,Ulster,Average Employment,Forest Land,Information,0.7572341546745551
450,Delaware,Average Employment,Urban/Built-up Land,Information,-0.060328715748563494
451,Greene,Average Employment,Urban/Built-up Land,Information,-0.5726715036934483
452,Schoharie,Average Employment,Urban/Built-up Land,Information,0.1303646747510565
453,Sullivan,Average Employment,Urban/Built-up Land,Information,0.30674930142772844
454,Ulster,Average Employment,Urban/Built-up Land,Information,0.5695067653076847
455,Delaware,Average Employment,Others,Information,0.10607658002497239
456,Greene,Average Employment,Others,Information,-0.511942745339415
457,Schoharie,Average Employment,Others,Information,0.2996458871141702
458,Sullivan,Average Employment,Others,Information,0.31353640056888343
459,Ulster,Average Employment,Others,Information,0.4360806668113824
460,Delaware,Establishments,Agricultural Land,Information,-0.31074715207852466
461,Greene,Establishments,Agricultural Land,Information,-0.11010793529198921
462,Schoharie,Establishments,Agricultural Land,Information,-0.28884488164960975
463,Sullivan,Establishments,Agricultural Land,Information,0.3178533859720872
464,Ulster,Establishments,Agricultural Land,Information,-0.09376822185564802
465,Delaware,Establishments,Forest Land,Information,-0.10739825943225285
466,Greene,Establishments,Forest Land,Information,-0.41164604929935195
467,Schoharie,Establishments,Forest Land,Information,0.31488850693747855
468,Sullivan,Establishments,Forest Land,Information,0.6010153341131562
469,Ulster,Establishments,Forest Land,Information,-0.43004955130552236
470,Delaware,Establishments,Urban/Built-up Land,Information,-0.2042112742726059
471,Greene,Establishments,Urban/Built-up Land,Information,-0.5478530687205181
472,Schoharie,Establishments,Urban/Built-up Land,Information,0.11788241038182291
473,Sullivan,Establishments,Urban/Built-up Land,Information,0.47148233081055924
474,Ulster,Establishments,Urban/Built-up Land,Information,-0.0071216406726315774
475,Delaware,Establishments,Others,Information,-0.08968327673987264
476,Greene,Establishments,Others,Information,-0.4459137472869171
477,Schoharie,Establishments,Others,Information,-0.00634242979508703
478,Sullivan,Establishments,Others,Information,0.38759051053322907
479,Ulster,Establishments,Others,Information,-0.044330589233358995
480,Delaware,Real Average Salary,Agricultural Land,Finance and Insurance,0.07477801899978924
481,Greene,Real Average Salary,Agricultural Land,Finance and Insurance,-0.4013688751543465
482,Schoharie,Real Average Salary,Agricultural Land,Finance and Insurance,-0.18020103501592208
483,Sullivan,Real Average Salary,Agricultural Land,Finance and Insurance,0.07601685960469555
484,Ulster,Real Average Salary,Agricultural Land,Finance and Insurance,-0.2605804289426222
485,Delaware,Real Average Salary,Forest Land,Finance and Insurance,0.024930586359824317
486,Greene,Real Average Salary,Forest Land,Finance and Insurance,-0.2515142445250354
487,Schoharie,Real Average Salary,Forest Land,Finance and Insurance,-0.49409718490115134
488,Sullivan,Real Average Salary,Forest Land,Finance and Insurance,-0.4898121980960749
489,Ulster,Real Average Salary,Forest Land,Finance and Insurance,-0.5223184612658496
490,Delaware,Real Average Salary,Urban/Built-up Land,Finance and Insurance,0.03598293533534434
491,Greene,Real Average Salary,Urban/Built-up Land,Finance and Insurance,0.01718781978418649
492,Schoharie,Real Average Salary,Urban/Built-up Land,Finance and Insurance,-0.17113685923426056
493,Sullivan,Real Average Salary,Urban/Built-up Land,Finance and Insurance,-0.3431165115061728
494,Ulster,Real Average Salary,Urban/Built-up Land,Finance and Insurance,-0.4617651613449139
495,Delaware,Real Average Salary,Others,Finance and Insurance,0.18369406343628586
496,Greene,Real Average Salary,Others,Finance and Insurance,-0.07322470130073479
497,Schoharie,Real Average Salary,Others,Finance and Insurance,-0.26646729298202354
498,Sullivan,Real Average Salary,Others,Finance and Insurance,-0.4591672583214377
499,Ulster,Real Average Salary,Others,Finance and Insurance,-0.2420254307686336
500,Delaware,Average Employment,Agricultural Land,Finance and Insurance,0.4122383420132582
501,Greene,Average Employment,Agricultural Land,Finance and Insurance,-0.23177055417356313
502,Schoharie,Average Employment,Agricultural Land,Finance and Insurance,0.05388761997639683
503,Sullivan,Average Employment,Agricultural Land,Finance and Insurance,0.049783540255743525
504,Ulster,Average Employment,Agricultural Land,Finance and Insurance,-0.16334454739261334
505,Delaware,Average Employment,Forest Land,Finance and Insurance,0.24519241817408108
506,Greene,Average Employment,Forest Land,Finance and Insurance,-0.053027898912255136
507,Schoharie,Average Employment,Forest Land,Finance and Insurance,0.2946299821458536
508,Sullivan,Average Employment,Forest Land,Finance and Insurance,0.42547314881110143
509,Ulster,Average Employment,Forest Land,Finance and Insurance,0.5643530696590127
510,Delaware,Average Employment,Urban/Built-up Land,Finance and Insurance,0.22626416651661388
511,Greene,Average Employment,Urban/Built-up Land,Finance and Insurance,0.115085931397115
512,Schoharie,Average Employment,Urban/Built-up Land,Finance and Insurance,0.12829370724791142
513,Sullivan,Average Employment,Urban/Built-up Land,Finance and Insurance,0.35481758996626384
514,Ulster,Average Employment,Urban/Built-up Land,Finance and Insurance,0.3061865572077285
515,Delaware,Average Employment,Others,Finance and Insurance,0.16139955911193485
516,Greene,Average Employment,Others,Finance and Insurance,-0.027781381462723652
517,Schoharie,Average Employment,Others,Finance and Insurance,0.2594371139365603
518,Sullivan,Average Employment,Others,Finance and Insurance,0.2861644574277437
519,Ulster,Average Employment,Others,Finance and Insurance,0.25690905023281274
520,Delaware,Establishments,Agricultural Land,Finance and Insurance,0.4347086562950665
521,Greene,Establishments,Agricultural Land,Finance and Insurance,0.3122065527071513
522,Schoharie,Establishments,Agricultural Land,Finance and Insurance,0.20605292103087983
523,Sullivan,Establishments,Agricultural Land,Finance and Insurance,0.15746312836527038
524,Ulster,Establishments,Agricultural Land,Finance and Insurance,-0.27481988243142086
525,Delaware,Establishments,Forest Land,Finance and Insurance,0.41066206486981915
526,Greene,Establishments,Forest Land,Finance and Insurance,0.08438684453526361
527,Schoharie,Establishments,Forest Land,Finance and Insurance,-0.03266318199274682
528,Sullivan,Establishments,Forest Land,Finance and Insurance,0.4555379223196217
529,Ulster,Establishments,Forest Land,Finance and Insurance,0.13213498020994638
530,Delaware,Establishments,Urban/Built-up Land,Finance and Insurance,0.3327940212624785
531,Greene,Establishments,Urban/Built-up Land,Finance and Insurance,0.014890949050290536
532,Schoharie,Establishments,Urban/Built-up Land,Finance and Insurance,0.09144747779612723
533,Sullivan,Establishments,Urban/Built-up Land,Finance and Insurance,0.586798205385249
534,Ulster,Establishments,Urban/Built-up Land,Finance and Insurance,-0.029873574563854057
535,Delaware,Establishments,Others,Finance and Insurance,0.11418408070323735
536,Greene,Establishments,Others,Finance and Insurance,0.20208598003684042
537,Schoharie,Establishments,Others,Finance and Insurance,-0.10852826794147875
538,Sullivan,Establishments,Others,Finance and Insurance,0.3193080663163441
539,Ulster,Establishments,Others,Finance and Insurance,-0.32091101119904925
540,Delaware,Real Average Salary,Agricultural Land,Real Estate and Rental and Leasing,0.043043817094768726
541,Greene,Real Average Salary,Agricultural Land,Real Estate and Rental and Leasing,0.04528790416232495
542,Schoharie,Real Average Salary,Agricultural Land,Real Estate and Rental and Leasing,0.1716775597667928
543,Sullivan,Real Average Salary,Agricultural Land,Real Estate and Rental and Leasing,-0.07215070041261588
544,Ulster,Real Average Salary,Agricultural Land,Real Estate and Rental and Leasing,-0.044494938741492226
545,Delaware,Real Average Salary,Forest Land,Real Estate and Rental and Leasing,-0.23677145169108074
546,Greene,Real Average Salary,Forest Land,Real Estate and Rental and Leasing,-0.18382510110470804
547,Schoharie,Real Average Salary,Forest Land,Real Estate and Rental and Leasing,-0.38380826352726705
548,Sullivan,Real Average Salary,Forest Land,Real Estate and Rental and Leasing,-0.4391388265114663
549,Ulster,Real Average Salary,Forest Land,Real Estate and Rental and Leasing,-0.6361358503599643
550,Delaware,Real Average Salary,Urban/Built-up Land,Real Estate and Rental and Leasing,-0.09515464896206069
551,Greene,Real Average Salary,Urban/Built-up Land,Real Estate and Rental and Leasing,-0.08337901028065257
552,Schoharie,Real Average Salary,Urban/Built-up Land,Real Estate and Rental and Leasing,0.0110844811900311
553,Sullivan,Real Average Salary,Urban/Built-up Land,Real Estate and Rental and Leasing,-0.39964284018364704
554,Ulster,Real Average Salary,Urban/Built-up Land,Real Estate and Rental and Leasing,-0.5180193154736813
555,Delaware,Real Average Salary,Others,Real Estate and Rental and Leasing,0.26900567903575195
556,Greene,Real Average Salary,Others,Real Estate and Rental and Leasing,0.08654960280468073
557,Schoharie,Real Average Salary,Others,Real Estate and Rental and Leasing,-0.1945596738990537
558,Sullivan,Real Average Salary,Others,Real Estate and Rental and Leasing,-0.2933177768715904
559,Ulster,Real Average Salary,Others,Real Estate and Rental and Leasing,-0.3523770536832366
560,Delaware,Average Employment,Agricultural Land,Real Estate and Rental and Leasing,0.2955332065061931
561,Greene,Average Employment,Agricultural Land,Real Estate and Rental and Leasing,0.33171944388575886
562,Schoharie,Average Employment,Agricultural Land,Real Estate and Rental and Leasing,-0.20509464500695979
563,Sullivan,Average Employment,Agricultural Land,Real Estate and Rental and Leasing,-0.1509131691708334
564,Ulster,Average Employment,Agricultural Land,Real Estate and Rental and Leasing,-0.07426155388188083
565,Delaware,Average Employment,Forest Land,Real Estate and Rental and Leasing,0.0762453831420571
566,Greene,Average Employment,Forest Land,Real Estate and Rental and Leasing,0.18572111442739606
567,Schoharie,Average Employment,Forest Land,Real Estate and Rental and Leasing,0.38730642625795625
568,Sullivan,Average Employment,Forest Land,Real Estate and Rental and Leasing,0.2406045756795254
569,Ulster,Average Employment,Forest Land,Real Estate and Rental and Leasing,-0.6271956159448935
570,Delaware,Average Employment,Urban/Built-up Land,Real Estate and Rental and Leasing,0.07756098295249361
571,Greene,Average Employment,Urban/Built-up Land,Real Estate and Rental and Leasing,0.40433370619166925
572,Schoharie,Average Employment,Urban/Built-up Land,Real Estate and Rental and Leasing,-0.03514343017725358
573,Sullivan,Average Employment,Urban/Built-up Land,Real Estate and Rental and Leasing,-0.00949524813172375
574,Ulster,Average Employment,Urban/Built-up Land,Real Estate and Rental and Leasing,-0.47868550143355343
575,Delaware,Average Employment,Others,Real Estate and Rental and Leasing,0.15381541067699206
576,Greene,Average Employment,Others,Real Estate and Rental and Leasing,0.26346037282549967
577,Schoharie,Average Employment,Others,Real Estate and Rental and Leasing,0.27435687859547664
578,Sullivan,Average Employment,Others,Real Estate and Rental and Leasing,0.5311335186940657
579,Ulster,Average Employment,Others,Real Estate and Rental and Leasing,-0.31787464518134867
580,Delaware,Establishments,Agricultural Land,Real Estate and Rental and Leasing,-0.2632277766748673
581,Greene,Establishments,Agricultural Land,Real Estate and Rental and Leasing,0.5378997826862248
582,Schoharie,Establishments,Agricultural Land,Real Estate and Rental and Leasing,-0.14036654451959812
583,Sullivan,Establishments,Agricultural Land,Real Estate and Rental and Leasing,-0.022001230860407096
584,Ulster,Establishments,Agricultural Land,Real Estate and Rental and Leasing,-0.037429477757245574
585,Delaware,Establishments,Forest Land,Real Estate and Rental and Leasing,-0.3298268969376493
586,Greene,Establishments,Forest Land,Real Estate and Rental and Leasing,0.42008195870584575
587,Schoharie,Establishments,Forest Land,Real Estate and Rental and Leasing,0.40543526898837834
588,Sullivan,Establishments,Forest Land,Real Estate and Rental and Leasing,0.17070049432192394
589,Ulster,Establishments,Forest Land,Real Estate and Rental and Leasing,0.06045714701426397
590,Delaware,Establishments,Urban/Built-up Land,Real Estate and Rental and Leasing,-0.30560070301243647
591,Greene,Establishments,Urban/Built-up Land,Real Estate and Rental and Leasing,0.18774306888840855
592,Schoharie,Establishments,Urban/Built-up Land,Real Estate and Rental and Leasing,0.10087094351842767
593,Sullivan,Establishments,Urban/Built-up Land,Real Estate and Rental and Leasing,0.017991894171087618
594,Ulster,Establishments,Urban/Built-up Land,Real Estate and Rental and Leasing,-0.13436501379578095
595,Delaware,Establishments,Others,Real Estate and Rental and Leasing,-0.49293459587700206
596,Greene,Establishments,Others,Real Estate and Rental and Leasing,0.1117414785233827
597,Schoharie,Establishments,Others,Real Estate and Rental and Leasing,0.19254609525884253
598,Sullivan,Establishments,Others,Real Estate and Rental and Leasing,0.35835689510395846
599,Ulster,Establishments,Others,Real Estate and Rental and Leasing,0.09589929745004633
600,Delaware,Real Average Salary,Agricultural Land,Professional and Technical Services,0.0783716962504923
601,Greene,Real Average Salary,Agricultural Land,Professional and Technical Services,-0.007031758308768501
602,Schoharie,Real Average Salary,Agricultural Land,Professional and Technical Services,-0.4965603192950463
603,Sullivan,Real Average Salary,Agricultural Land,Professional and Technical Services,-0.1026564576701408
604,Ulster,Real Average Salary,Agricultural Land,Professional and Technical Services,-0.04960428681711777
605,Delaware,Real Average Salary,Forest Land,Professional and Technical Services,0.22099961376597368
606,Greene,Real Average Salary,Forest Land,Professional and Technical Services,0.03900396698623407
607,Schoharie,Real Average Salary,Forest Land,Professional and Technical Services,-0.33204020833705455
608,Sullivan,Real Average Salary,Forest Land,Professional and Technical Services,-0.4271730734147957
609,Ulster,Real Average Salary,Forest Land,Professional and Technical Services,-0.601461954991254
610,Delaware,Real Average Salary,Urban/Built-up Land,Professional and Technical Services,0.24849903359008704
611,Greene,Real Average Salary,Urban/Built-up Land,Professional and Technical Services,0.023120963085091137
612,Schoharie,Real Average Salary,Urban/Built-up Land,Professional and Technical Services,-0.15066486712229768
613,Sullivan,Real Average Salary,Urban/Built-up Land,Professional and Technical Services,-0.44268324600236136
614,Ulster,Real Average Salary,Urban/Built-up Land,Professional and Technical Services,-0.3915486245447268
615,Delaware,Real Average Salary,Others,Professional and Technical Services,0.13590373110391896
616,Greene,Real Average Salary,Others,Professional and Technical Services,0.04072860000652121
617,Schoharie,Real Average Salary,Others,Professional and Technical Services,0.03930699398530037
618,Sullivan,Real Average Salary,Others,Professional and Technical Services,-0.3259639662842219
619,Ulster,Real Average Salary,Others,Professional and Technical Services,-0.30455833238573043
620,Delaware,Average Employment,Agricultural Land,Professional and Technical Services,0.092857250899242
621,Greene,Average Employment,Agricultural Land,Professional and Technical Services,0.0002504359997745897
622,Schoharie,Average Employment,Agricultural Land,Professional and Technical Services,0.20773925178723687
623,Sullivan,Average Employment,Agricultural Land,Professional and Technical Services,-0.05610300451477662
624,Ulster,Average Employment,Agricultural Land,Professional and Technical Services,-0.5205159860202212
625,Delaware,Average Employment,Forest Land,Professional and Technical Services,-0.13254572152867558
626,Greene,Average Employment,Forest Land,Professional and Technical Services,-0.17927610394964602
627,Schoharie,Average Employment,Forest Land,Professional and Technical Services,0.11840617248697159
628,Sullivan,Average Employment,Forest Land,Professional and Technical Services,0.4205457020067285
629,Ulster,Average Employment,Forest Land,Professional and Technical Services,0.03074127966902825
630,Delaware,Average Employment,Urban/Built-up Land,Professional and Technical Services,-0.17505597439058343
631,Greene,Average Employment,Urban/Built-up Land,Professional and Technical Services,-0.3857779276181339
632,Schoharie,Average Employment,Urban/Built-up Land,Professional and Technical Services,-0.014277775074635766
633,Sullivan,Average Employment,Urban/Built-up Land,Professional and Technical Services,0.2719965275865075
634,Ulster,Average Employment,Urban/Built-up Land,Professional and Technical Services,-0.06516504628123894
635,Delaware,Average Employment,Others,Professional and Technical Services,-0.1060392394054133
636,Greene,Average Employment,Others,Professional and Technical Services,-0.17528388175150536
637,Schoharie,Average Employment,Others,Professional and Technical Services,-0.08734046753212174
638,Sullivan,Average Employment,Others,Professional and Technical Services,0.3736088587686254
639,Ulster,Average Employment,Others,Professional and Technical Services,-0.13559698304784856
640,Delaware,Establishments,Agricultural Land,Professional and Technical Services,0.3773514740349637
641,Greene,Establishments,Agricultural Land,Professional and Technical Services,0.11850768767984321
642,Schoharie,Establishments,Agricultural Land,Professional and Technical Services,-0.005786135234176962
643,Sullivan,Establishments,Agricultural Land,Professional and Technical Services,0.2259303099789848
644,Ulster,Establishments,Agricultural Land,Professional and Technical Services,0.04259871171657522
645,Delaware,Establishments,Forest Land,Professional and Technical Services,0.12966857222780961
646,Greene,Establishments,Forest Land,Professional and Technical Services,0.04537148783108994
647,Schoharie,Establishments,Forest Land,Professional and Technical Services,0.18116482058781844
648,Sullivan,Establishments,Forest Land,Professional and Technical Services,0.39396252071811594
649,Ulster,Establishments,Forest Land,Professional and Technical Services,-0.7258014263643993
650,Delaware,Establishments,Urban/Built-up Land,Professional and Technical Services,0.08193475867011304
651,Greene,Establishments,Urban/Built-up Land,Professional and Technical Services,-0.08244505340697396
652,Schoharie,Establishments,Urban/Built-up Land,Professional and Technical Services,0.10003073545384149
653,Sullivan,Establishments,Urban/Built-up Land,Professional and Technical Services,0.48455126891709865
654,Ulster,Establishments,Urban/Built-up Land,Professional and Technical Services,-0.48683428225198694
655,Delaware,Establishments,Others,Professional and Technical Services,0.16226821514111092
656,Greene,Establishments,Others,Professional and Technical Services,-0.21498284343033186
657,Schoharie,Establishments,Others,Professional and Technical Services,0.14807255481408416
658,Sullivan,Establishments,Others,Professional and Technical Services,0.2188460542708319
659,Ulster,Establishments,Others,Professional and Technical Services,-0.36699390250889524
660,Delaware,Real Average Salary,Agricultural Land,Administrative and Waste Services,-0.38953561962389355
661,Greene,Real Average Salary,Agricultural Land,Administrative and Waste Services,-0.09153446892820896
662,Schoharie,Real Average Salary,Agricultural Land,Administrative and Waste Services,0.06894019322707826
663,Sullivan,Real Average Salary,Agricultural Land,Administrative and Waste Services,0.15361894292087921
664,Ulster,Real Average Salary,Agricultural Land,Administrative and Waste Services,-0.220881675517431
665,Delaware,Real Average Salary,Forest Land,Administrative and Waste Services,-0.10176605237459349
666,Greene,Real Average Salary,Forest Land,Administrative and Waste Services,0.09996955621652077
667,Schoharie,Real Average Salary,Forest Land,Administrative and Waste Services,-0.6378402053414752
668,Sullivan,Real Average Salary,Forest Land,Administrative and Waste Services,-0.3260131252547193
669,Ulster,Real Average Salary,Forest Land,Administrative and Waste Services,-0.1226064132423751
670,Delaware,Real Average Salary,Urban/Built-up Land,Administrative and Waste Services,-0.032820533886627236
671,Greene,Real Average Salary,Urban/Built-up Land,Administrative and Waste Services,0.3118541095762841
672,Schoharie,Real Average Salary,Urban/Built-up Land,Administrative and Waste Services,-0.28282558932653995
673,Sullivan,Real Average Salary,Urban/Built-up Land,Administrative and Waste Services,-0.2853932912205995
674,Ulster,Real Average Salary,Urban/Built-up Land,Administrative and Waste Services,-0.49453526576765194
675,Delaware,Real Average Salary,Others,Administrative and Waste Services,-0.24048337015066487
676,Greene,Real Average Salary,Others,Administrative and Waste Services,0.27677413251358557
677,Schoharie,Real Average Salary,Others,Administrative and Waste Services,-0.22609888075650836
678,Sullivan,Real Average Salary,Others,Administrative and Waste Services,-0.4528407915262554
679,Ulster,Real Average Salary,Others,Administrative and Waste Services,-0.3753834625443444
680,Delaware,Average Employment,Agricultural Land,Administrative and Waste Services,0.2103692695950265
681,Greene,Average Employment,Agricultural Land,Administrative and Waste Services,-0.3264478176173871
682,Schoharie,Average Employment,Agricultural Land,Administrative and Waste Services,0.2607189724229767
683,Sullivan,Average Employment,Agricultural Land,Administrative and Waste Services,-0.11891752784443578
684,Ulster,Average Employment,Agricultural Land,Administrative and Waste Services,-0.18089815244417845
685,Delaware,Average Employment,Forest Land,Administrative and Waste Services,-0.14764219402712495
686,Greene,Average Employment,Forest Land,Administrative and Waste Services,-0.19377457563813813
687,Schoharie,Average Employment,Forest Land,Administrative and Waste Services,-0.34535298907508255
688,Sullivan,Average Employment,Forest Land,Administrative and Waste Services,-0.4042936732788472
689,Ulster,Average Employment,Forest Land,Administrative and Waste Services,0.04781865768500802
690,Delaware,Average Employment,Urban/Built-up Land,Administrative and Waste Services,-0.2749241116464606
691,Greene,Average Employment,Urban/Built-up Land,Administrative and Waste Services,0.2185124477794493
692,Schoharie,Average Employment,Urban/Built-up Land,Administrative and Waste Services,0.1606012746312227
693,Sullivan,Average Employment,Urban/Built-up Land,Administrative and Waste Services,-0.20979341754286057
694,Ulster,Average Employment,Urban/Built-up Land,Administrative and Waste Services,-0.2254990719852286
695,Delaware,Average Employment,Others,Administrative and Waste Services,0.07166245819181297
696,Greene,Average Employment,Others,Administrative and Waste Services,0.18716024734600825
697,Schoharie,Average Employment,Others,Administrative and Waste Services,-0.33802700163157084
698,Sullivan,Average Employment,Others,Administrative and Waste Services,-0.33864112093836934
699,Ulster,Average Employment,Others,Administrative and Waste Services,-0.19113329969863072
700,Delaware,Establishments,Agricultural Land,Administrative and Waste Services,-0.2610582370641345
701,Greene,Establishments,Agricultural Land,Administrative and Waste Services,-0.08309977235425946
702,Schoharie,Establishments,Agricultural Land,Administrative and Waste Services,0.2310050125186355
703,Sullivan,Establishments,Agricultural Land,Administrative and Waste Services,0.08123821350671587
704,Ulster,Establishments,Agricultural Land,Administrative and Waste Services,0.09092596364357713
705,Delaware,Establishments,Forest Land,Administrative and Waste Services,-0.16457096114547048
706,Greene,Establishments,Forest Land,Administrative and Waste Services,0.1446612579257007
707,Schoharie,Establishments,Forest Land,Administrative and Waste Services,-0.3446935053428432
708,Sullivan,Establishments,Forest Land,Administrative and Waste Services,-0.13928804630824762
709,Ulster,Establishments,Forest Land,Administrative and Waste Services,-0.7055705057714019
710,Delaware,Establishments,Urban/Built-up Land,Administrative and Waste Services,-0.1265203585983801
711,Greene,Establishments,Urban/Built-up Land,Administrative and Waste Services,0.443861022778783
712,Schoharie,Establishments,Urban/Built-up Land,Administrative and Waste Services,0.111149428637621
713,Sullivan,Establishments,Urban/Built-up Land,Administrative and Waste Services,0.10600075014177962
714,Ulster,Establishments,Urban/Built-up Land,Administrative and Waste Services,-0.44120531348747644
715,Delaware,Establishments,Others,Administrative and Waste Services,-0.07366461703091434
716,Greene,Establishments,Others,Administrative and Waste Services,0.3016236868826143
717,Schoharie,Establishments,Others,Administrative and Waste Services,-0.2845616092129948
718,Sullivan,Establishments,Others,Administrative and Waste Services,-0.14997465799591908
719,Ulster,Establishments,Others,Administrative and Waste Services,-0.3503634148080931
720,Delaware,Real Average Salary,Agricultural Land,Health Care and Social Assistance,-0.09424976243620724
721,Greene,Real Average Salary,Agricultural Land,Health Care and Social Assistance,0.22597248929701072
722,Schoharie,Real Average Salary,Agricultural Land,Health Care and Social Assistance,0.008792622747844288
723,Sullivan,Real Average Salary,Agricultural Land,Health Care and Social Assistance,0.24214406106184377
724,Ulster,Real Average Salary,Agricultural Land,Health Care and Social Assistance,-0.08046087178964688
725,Delaware,Real Average Salary,Forest Land,Health Care and Social Assistance,-0.0023976938387451647
726,Greene,Real Average Salary,Forest Land,Health Care and Social Assistance,0.24515193857619694
727,Schoharie,Real Average Salary,Forest Land,Health Care and Social Assistance,-0.5356544404114705
728,Sullivan,Real Average Salary,Forest Land,Health Care and Social Assistance,0.5028621310220652
729,Ulster,Real Average Salary,Forest Land,Health Care and Social Assistance,-0.3183200039474605
730,Delaware,Real Average Salary,Urban/Built-up Land,Health Care and Social Assistance,0.03770830630625427
731,Greene,Real Average Salary,Urban/Built-up Land,Health Care and Social Assistance,0.40878340730783547
732,Schoharie,Real Average Salary,Urban/Built-up Land,Health Care and Social Assistance,0.027644107164845423
733,Sullivan,Real Average Salary,Urban/Built-up Land,Health Care and Social Assistance,0.2565495708742995
734,Ulster,Real Average Salary,Urban/Built-up Land,Health Care and Social Assistance,-0.38785709832431886
735,Delaware,Real Average Salary,Others,Health Care and Social Assistance,0.05573190861991778
736,Greene,Real Average Salary,Others,Health Care and Social Assistance,0.2697128539314033
737,Schoharie,Real Average Salary,Others,Health Care and Social Assistance,-0.3661700430328635
738,Sullivan,Real Average Salary,Others,Health Care and Social Assistance,0.47378801817786637
739,Ulster,Real Average Salary,Others,Health Care and Social Assistance,-0.023968987319250585
740,Delaware,Average Employment,Agricultural Land,Health Care and Social Assistance,-0.009050335390229116
741,Greene,Average Employment,Agricultural Land,Health Care and Social Assistance,0.1732723338201141
742,Schoharie,Average Employment,Agricultural Land,Health Care and Social Assistance,0.1368735550059672
743,Sullivan,Average Employment,Agricultural Land,Health Care and Social Assistance,-0.03348927825108867
744,Ulster,Average Employment,Agricultural Land,Health Care and Social Assistance,-0.053382012322768964
745,Delaware,Average Employment,Forest Land,Health Care and Social Assistance,0.33402638552369096
746,Greene,Average Employment,Forest Land,Health Care and Social Assistance,0.473865481123264
747,Schoharie,Average Employment,Forest Land,Health Care and Social Assistance,-0.502344152439584
748,Sullivan,Average Employment,Forest Land,Health Care and Social Assistance,-0.4141591636059022
749,Ulster,Average Employment,Forest Land,Health Care and Social Assistance,-0.6631443920021133
750,Delaware,Average Employment,Urban/Built-up Land,Health Care and Social Assistance,0.3746478188232939
751,Greene,Average Employment,Urban/Built-up Land,Health Care and Social Assistance,0.5645837294759418
752,Schoharie,Average Employment,Urban/Built-up Land,Health Care and Social Assistance,-0.174115573000257
753,Sullivan,Average Employment,Urban/Built-up Land,Health Care and Social Assistance,-0.2665677628067132
754,Ulster,Average Employment,Urban/Built-up Land,Health Care and Social Assistance,-0.44556678838250147
755,Delaware,Average Employment,Others,Health Care and Social Assistance,0.005851519580069729
756,Greene,Average Employment,Others,Health Care and Social Assistance,0.39643395194225206
757,Schoharie,Average Employment,Others,Health Care and Social Assistance,-0.27156321770955144
758,Sullivan,Average Employment,Others,Health Care and Social Assistance,-0.3101297007147873
759,Ulster,Average Employment,Others,Health Care and Social Assistance,-0.28679634767472084
760,Delaware,Establishments,Agricultural Land,Health Care and Social Assistance,0.040653389739041396
761,Greene,Establishments,Agricultural Land,Health Care and Social Assistance,0.19773528146785269
762,Schoharie,Establishments,Agricultural Land,Health Care and Social Assistance,0.19140931266316263
763,Sullivan,Establishments,Agricultural Land,Health Care and Social Assistance,0.39209760669499316
764,Ulster,Establishments,Agricultural Land,Health Care and Social Assistance,0.12795720728904209
765,Delaware,Establishments,Forest Land,Health Care and Social Assistance,-0.1909946875014016
766,Greene,Establishments,Forest Land,Health Care and Social Assistance,0.3314370042555825
767,Schoharie,Establishments,Forest Land,Health Care and Social Assistance,-0.4477672353555225
768,Sullivan,Establishments,Forest Land,Health Care and Social Assistance,0.1704787804230325
769,Ulster,Establishments,Forest Land,Health Care and Social Assistance,-0.6576381725494771
770,Delaware,Establishments,Urban/Built-up Land,Health Care and Social Assistance,-0.23432405792330513
771,Greene,Establishments,Urban/Built-up Land,Health Care and Social Assistance,0.5305991841713704
772,Schoharie,Establishments,Urban/Built-up Land,Health Care and Social Assistance,0.009048244158646232
773,Sullivan,Establishments,Urban/Built-up Land,Health Care and Social Assistance,0.4248970302571202
774,Ulster,Establishments,Urban/Built-up Land,Health Care and Social Assistance,-0.4376998305794512
775,Delaware,Establishments,Others,Health Care and Social Assistance,0.0386383128427051
776,Greene,Establishments,Others,Health Care and Social Assistance,0.2730946855649303
777,Schoharie,Establishments,Others,Health Care and Social Assistance,-0.31912407191569014
778,Sullivan,Establishments,Others,Health Care and Social Assistance,-0.04055899595088397
779,Ulster,Establishments,Others,Health Care and Social Assistance,-0.27118644650579926
780,Delaware,Real Average Salary,Agricultural Land,"Arts, Entertainment, and Recreation",-0.13650003911843858
781,Greene,Real Average Salary,Agricultural Land,"Arts, Entertainment, and Recreation",-0.4940458944489857
782,Schoharie,Real Average Salary,Agricultural Land,"Arts, Entertainment, and Recreation",0.10895063938947008
783,Sullivan,Real Average Salary,Agricultural Land,"Arts, Entertainment, and Recreation",0.0015952484438362636
784,Ulster,Real Average Salary,Agricultural Land,"Arts, Entertainment, and Recreation",-0.20885812808250223
785,Delaware,Real Average Salary,Forest Land,"Arts, Entertainment, and Recreation",-0.15807304632843958
786,Greene,Real Average Salary,Forest Land,"Arts, Entertainment, and Recreation",-0.5981603930433309
787,Schoharie,Real Average Salary,Forest Land,"Arts, Entertainment, and Recreation",-0.07925637018970483
788,Sullivan,Real Average Salary,Forest Land,"Arts, Entertainment, and Recreation",-0.4587233119405213
789,Ulster,Real Average Salary,Forest Land,"Arts, Entertainment, and Recreation",-0.4389773107821182
790,Delaware,Real Average Salary,Urban/Built-up Land,"Arts, Entertainment, and Recreation",0.07841502807994251
791,Greene,Real Average Salary,Urban/Built-up Land,"Arts, Entertainment, and Recreation",-0.463417349702667
792,Schoharie,Real Average Salary,Urban/Built-up Land,"Arts, Entertainment, and Recreation",0.23233179340696594
793,Sullivan,Real Average Salary,Urban/Built-up Land,"Arts, Entertainment, and Recreation",-0.33805744771425095
794,Ulster,Real Average Salary,Urban/Built-up Land,"Arts, Entertainment, and Recreation",-0.2510890115916157
795,Delaware,Real Average Salary,Others,"Arts, Entertainment, and Recreation",0.09113700094386475
796,Greene,Real Average Salary,Others,"Arts, Entertainment, and Recreation",-0.32209987054773953
797,Schoharie,Real Average Salary,Others,"Arts, Entertainment, and Recreation",-0.06348564821985754
798,Sullivan,Real Average Salary,Others,"Arts, Entertainment, and Recreation",-0.33679536335088156
799,Ulster,Real Average Salary,Others,"Arts, Entertainment, and Recreation",-0.4314805889982117
800,Delaware,Average Employment,Agricultural Land,"Arts, Entertainment, and Recreation",-0.27156318073271674
801,Greene,Average Employment,Agricultural Land,"Arts, Entertainment, and Recreation",0.2501916368797093
802,Schoharie,Average Employment,Agricultural Land,"Arts, Entertainment, and Recreation",0.17843509870680602
803,Sullivan,Average Employment,Agricultural Land,"Arts, Entertainment, and Recreation",0.11128994605123514
804,Ulster,Average Employment,Agricultural Land,"Arts, Entertainment, and Recreation",-0.049308218629540726
805,Delaware,Average Employment,Forest Land,"Arts, Entertainment, and Recreation",-0.34367330331379886
806,Greene,Average Employment,Forest Land,"Arts, Entertainment, and Recreation",0.21451922242080235
807,Schoharie,Average Employment,Forest Land,"Arts, Entertainment, and Recreation",0.1388970837003624
808,Sullivan,Average Employment,Forest Land,"Arts, Entertainment, and Recreation",-0.21558819830237647
809,Ulster,Average Employment,Forest Land,"Arts, Entertainment, and Recreation",-0.7765768778652852
810,Delaware,Average Employment,Urban/Built-up Land,"Arts, Entertainment, and Recreation",-0.18595962639969493
811,Greene,Average Employment,Urban/Built-up Land,"Arts, Entertainment, and Recreation",-0.3139277857835831
812,Schoharie,Average Employment,Urban/Built-up Land,"Arts, Entertainment, and Recreation",-0.014152845177511596
813,Sullivan,Average Employment,Urban/Built-up Land,"Arts, Entertainment, and Recreation",-0.08416717476576059
814,Ulster,Average Employment,Urban/Built-up Land,"Arts, Entertainment, and Recreation",-0.5517234185380275
815,Delaware,Average Employment,Others,"Arts, Entertainment, and Recreation",-0.08528182272209954
816,Greene,Average Employment,Others,"Arts, Entertainment, and Recreation",0.10293497432283122
817,Schoharie,Average Employment,Others,"Arts, Entertainment, and Recreation",-0.001105089899321487
818,Sullivan,Average Employment,Others,"Arts, Entertainment, and Recreation",-0.24484140599617246
819,Ulster,Average Employment,Others,"Arts, Entertainment, and Recreation",-0.3953085080199469
820,Delaware,Establishments,Agricultural Land,"Arts, Entertainment, and Recreation",0.42005770724798314
821,Greene,Establishments,Agricultural Land,"Arts, Entertainment, and Recreation",0.35518319413467286
822,Schoharie,Establishments,Agricultural Land,"Arts, Entertainment, and Recreation",0.36040759828313734
823,Sullivan,Establishments,Agricultural Land,"Arts, Entertainment, and Recreation",0.3925529448429394
824,Ulster,Establishments,Agricultural Land,"Arts, Entertainment, and Recreation",0.1277930942168944
825,Delaware,Establishments,Forest Land,"Arts, Entertainment, and Recreation",0.25698629923086136
826,Greene,Establishments,Forest Land,"Arts, Entertainment, and Recreation",0.243404573679967
827,Schoharie,Establishments,Forest Land,"Arts, Entertainment, and Recreation",-0.24584796707158552
828,Sullivan,Establishments,Forest Land,"Arts, Entertainment, and Recreation",0.20156813661434128
829,Ulster,Establishments,Forest Land,"Arts, Entertainment, and Recreation",-0.6713786303127643
830,Delaware,Establishments,Urban/Built-up Land,"Arts, Entertainment, and Recreation",0.23706222392333953
831,Greene,Establishments,Urban/Built-up Land,"Arts, Entertainment, and Recreation",-0.07899494274455018
832,Schoharie,Establishments,Urban/Built-up Land,"Arts, Entertainment, and Recreation",-0.12137257576427789
833,Sullivan,Establishments,Urban/Built-up Land,"Arts, Entertainment, and Recreation",0.25122814167954766
834,Ulster,Establishments,Urban/Built-up Land,"Arts, Entertainment, and Recreation",-0.4820024816523461
835,Delaware,Establishments,Others,"Arts, Entertainment, and Recreation",0.18624781174917243
836,Greene,Establishments,Others,"Arts, Entertainment, and Recreation",-0.09842123690673027
837,Schoharie,Establishments,Others,"Arts, Entertainment, and Recreation",-0.1719734165095979
838,Sullivan,Establishments,Others,"Arts, Entertainment, and Recreation",0.006886989269619445
839,Ulster,Establishments,Others,"Arts, Entertainment, and Recreation",-0.2524911689096131
840,Delaware,Real Average Salary,Agricultural Land,Accommodation and Food Services,-0.26053165947018114
841,Greene,Real Average Salary,Agricultural Land,Accommodation and Food Services,-0.3428271904659262
842,Schoharie,Real Average Salary,Agricultural Land,Accommodation and Food Services,-0.23730483958402615
843,Sullivan,Real Average Salary,Agricultural Land,Accommodation and Food Services,-0.1291674505416094
844,Ulster,Real Average Salary,Agricultural Land,Accommodation and Food Services,-0.25116474856707266
845,Delaware,Real Average Salary,Forest Land,Accommodation and Food Services,-0.1174429463787996
846,Greene,Real Average Salary,Forest Land,Accommodation and Food Services,-0.2759643740513776
847,Schoharie,Real Average Salary,Forest Land,Accommodation and Food Services,-0.15962323340255957
848,Sullivan,Real Average Salary,Forest Land,Accommodation and Food Services,-0.26859018926551337
849,Ulster,Real Average Salary,Forest Land,Accommodation and Food Services,-0.4004599637819666
850,Delaware,Real Average Salary,Urban/Built-up Land,Accommodation and Food Services,-0.0949108889632087
851,Greene,Real Average Salary,Urban/Built-up Land,Accommodation and Food Services,0.08945688298960576
852,Schoharie,Real Average Salary,Urban/Built-up Land,Accommodation and Food Services,0.16710000723964888
853,Sullivan,Real Average Salary,Urban/Built-up Land,Accommodation and Food Services,-0.19848377821738297
854,Ulster,Real Average Salary,Urban/Built-up Land,Accommodation and Food Services,-0.24089712371289754
855,Delaware,Real Average Salary,Others,Accommodation and Food Services,-0.041215145331367956
856,Greene,Real Average Salary,Others,Accommodation and Food Services,0.04230799704958408
857,Schoharie,Real Average Salary,Others,Accommodation and Food Services,-0.3010518194210893
858,Sullivan,Real Average Salary,Others,Accommodation and Food Services,-0.2346908383871263
859,Ulster,Real Average Salary,Others,Accommodation and Food Services,-0.27356649986634757
860,Delaware,Average Employment,Agricultural Land,Accommodation and Food Services,-0.3047085377013405
861,Greene,Average Employment,Agricultural Land,Accommodation and Food Services,-0.42186824338537826
862,Schoharie,Average Employment,Agricultural Land,Accommodation and Food Services,-0.017381762619288327
863,Sullivan,Average Employment,Agricultural Land,Accommodation and Food Services,-0.18772338695109927
864,Ulster,Average Employment,Agricultural Land,Accommodation and Food Services,-0.2847788536794877
865,Delaware,Average Employment,Forest Land,Accommodation and Food Services,-0.19629620686858207
866,Greene,Average Employment,Forest Land,Accommodation and Food Services,-0.19486135440373517
867,Schoharie,Average Employment,Forest Land,Accommodation and Food Services,-0.3876973067345465
868,Sullivan,Average Employment,Forest Land,Accommodation and Food Services,0.050724929272288555
869,Ulster,Average Employment,Forest Land,Accommodation and Food Services,-0.5283300342040718
870,Delaware,Average Employment,Urban/Built-up Land,Accommodation and Food Services,-0.13582862135623733
871,Greene,Average Employment,Urban/Built-up Land,Accommodation and Food Services,0.00031760640544067437
872,Schoharie,Average Employment,Urban/Built-up Land,Accommodation and Food Services,0.03840762555896603
873,Sullivan,Average Employment,Urban/Built-up Land,Accommodation and Food Services,-0.16223814047511953
874,Ulster,Average Employment,Urban/Built-up Land,Accommodation and Food Services,-0.39136494140786005
875,Delaware,Average Employment,Others,Accommodation and Food Services,-0.28028303094265933
876,Greene,Average Employment,Others,Accommodation and Food Services,-0.005686718715502714
877,Schoharie,Average Employment,Others,Accommodation and Food Services,-0.28714547044709127
878,Sullivan,Average Employment,Others,Accommodation and Food Services,0.10564036128278607
879,Ulster,Average Employment,Others,Accommodation and Food Services,-0.3185448735131194
880,Delaware,Establishments,Agricultural Land,Accommodation and Food Services,0.014503156317777238
881,Greene,Establishments,Agricultural Land,Accommodation and Food Services,-0.28377003965605124
882,Schoharie,Establishments,Agricultural Land,Accommodation and Food Services,0.04314805559161363
883,Sullivan,Establishments,Agricultural Land,Accommodation and Food Services,0.07521384112359542
884,Ulster,Establishments,Agricultural Land,Accommodation and Food Services,0.11025838415835401
885,Delaware,Establishments,Forest Land,Accommodation and Food Services,0.3102847362816094
886,Greene,Establishments,Forest Land,Accommodation and Food Services,-0.23198163133837832
887,Schoharie,Establishments,Forest Land,Accommodation and Food Services,-0.39228682837729856
888,Sullivan,Establishments,Forest Land,Accommodation and Food Services,0.3650385631544312
889,Ulster,Establishments,Forest Land,Accommodation and Food Services,-0.6922371744500565
890,Delaware,Establishments,Urban/Built-up Land,Accommodation and Food Services,0.289530559502545
891,Greene,Establishments,Urban/Built-up Land,Accommodation and Food Services,-0.40188810989591595
892,Schoharie,Establishments,Urban/Built-up Land,Accommodation and Food Services,0.1747807715221736
893,Sullivan,Establishments,Urban/Built-up Land,Accommodation and Food Services,0.12833656221310835
894,Ulster,Establishments,Urban/Built-up Land,Accommodation and Food Services,-0.5034407498666281
895,Delaware,Establishments,Others,Accommodation and Food Services,0.06076536791846208
896,Greene,Establishments,Others,Accommodation and Food Services,-0.29748683979541835
897,Schoharie,Establishments,Others,Accommodation and Food Services,-0.4502475233360952
898,Sullivan,Establishments,Others,Accommodation and Food Services,0.32534478918860193
899,Ulster,Establishments,Others,Accommodation and Food Services,-0.3128338644910616
900,Delaware,Real Average Salary,Agricultural Land,"Other Services, Ex. Public Admin",-0.32123612333903484
901,Greene,Real Average Salary,Agricultural Land,"Other Services, Ex. Public Admin",0.39138421159168735
902,Schoharie,Real Average Salary,Agricultural Land,"Other Services, Ex. Public Admin",0.33901056944375135
903,Sullivan,Real Average Salary,Agricultural Land,"Other Services, Ex. Public Admin",-0.1321234820604933
904,Ulster,Real Average Salary,Agricultural Land,"Other Services, Ex. Public Admin",0.5263534966770833
905,Delaware,Real Average Salary,Forest Land,"Other Services, Ex. Public Admin",-0.14172368702715893
906,Greene,Real Average Salary,Forest Land,"Other Services, Ex. Public Admin",0.6871891373734118
907,Schoharie,Real Average Salary,Forest Land,"Other Services, Ex. Public Admin",-0.1528344149289255
908,Sullivan,Real Average Salary,Forest Land,"Other Services, Ex. Public Admin",-0.42274893471048886
909,Ulster,Real Average Salary,Forest Land,"Other Services, Ex. Public Admin",0.06116867622204532
910,Delaware,Real Average Salary,Urban/Built-up Land,"Other Services, Ex. Public Admin",-0.11309013757508615
911,Greene,Real Average Salary,Urban/Built-up Land,"Other Services, Ex. Public Admin",0.6637022456870598
912,Schoharie,Real Average Salary,Urban/Built-up Land,"Other Services, Ex. Public Admin",0.04091814032617588
913,Sullivan,Real Average Salary,Urban/Built-up Land,"Other Services, Ex. Public Admin",-0.49518506972926213
914,Ulster,Real Average Salary,Urban/Built-up Land,"Other Services, Ex. Public Admin",-0.09119724700683218
915,Delaware,Real Average Salary,Others,"Other Services, Ex. Public Admin",-0.1090772696405065
916,Greene,Real Average Salary,Others,"Other Services, Ex. Public Admin",0.4644594442299355
917,Schoharie,Real Average Salary,Others,"Other Services, Ex. Public Admin",-0.055352825563601826
918,Sullivan,Real Average Salary,Others,"Other Services, Ex. Public Admin",-0.20254790506885398
919,Ulster,Real Average Salary,Others,"Other Services, Ex. Public Admin",-0.12855482144960836
920,Delaware,Average Employment,Agricultural Land,"Other Services, Ex. Public Admin",-0.29165393157125735
921,Greene,Average Employment,Agricultural Land,"Other Services, Ex. Public Admin",0.12506134555955725
922,Schoharie,Average Employment,Agricultural Land,"Other Services, Ex. Public Admin",-0.2562698862448157
923,Sullivan,Average Employment,Agricultural Land,"Other Services, Ex. Public Admin",0.03521325741248933
924,Ulster,Average Employment,Agricultural Land,"Other Services, Ex. Public Admin",-0.28599674652237805
925,Delaware,Average Employment,Forest Land,"Other Services, Ex. Public Admin",-0.3250451922048249
926,Greene,Average Employment,Forest Land,"Other Services, Ex. Public Admin",0.22905580666249398
927,Schoharie,Average Employment,Forest Land,"Other Services, Ex. Public Admin",0.30169150781653364
928,Sullivan,Average Employment,Forest Land,"Other Services, Ex. Public Admin",0.4430546970542293
929,Ulster,Average Employment,Forest Land,"Other Services, Ex. Public Admin",-0.21588738750110678
930,Delaware,Average Employment,Urban/Built-up Land,"Other Services, Ex. Public Admin",-0.3748895042621175
931,Greene,Average Employment,Urban/Built-up Land,"Other Services, Ex. Public Admin",0.3247999396018407
932,Schoharie,Average Employment,Urban/Built-up Land,"Other Services, Ex. Public Admin",-0.017383874476860534
933,Sullivan,Average Employment,Urban/Built-up Land,"Other Services, Ex. Public Admin",0.4393639929601532
934,Ulster,Average Employment,Urban/Built-up Land,"Other Services, Ex. Public Admin",-0.3247324466987309
935,Delaware,Average Employment,Others,"Other Services, Ex. Public Admin",-0.18024213662428312
936,Greene,Average Employment,Others,"Other Services, Ex. Public Admin",0.24977431115518675
937,Schoharie,Average Employment,Others,"Other Services, Ex. Public Admin",0.2076282007617557
938,Sullivan,Average Employment,Others,"Other Services, Ex. Public Admin",0.243669722512343
939,Ulster,Average Employment,Others,"Other Services, Ex. Public Admin",-0.17690798391354176
940,Delaware,Establishments,Agricultural Land,"Other Services, Ex. Public Admin",0.006718907772406965
941,Greene,Establishments,Agricultural Land,"Other Services, Ex. Public Admin",-0.2930330738231257
942,Schoharie,Establishments,Agricultural Land,"Other Services, Ex. Public Admin",-0.05185863312232482
943,Sullivan,Establishments,Agricultural Land,"Other Services, Ex. Public Admin",-0.2823031422225681
944,Ulster,Establishments,Agricultural Land,"Other Services, Ex. Public Admin",0.014167795660308865
945,Delaware,Establishments,Forest Land,"Other Services, Ex. Public Admin",-0.08981346474424107
946,Greene,Establishments,Forest Land,"Other Services, Ex. Public Admin",-0.00312744123446315
947,Schoharie,Establishments,Forest Land,"Other Services, Ex. Public Admin",0.0072442610009712406
948,Sullivan,Establishments,Forest Land,"Other Services, Ex. Public Admin",-0.23589235455315094
949,Ulster,Establishments,Forest Land,"Other Services, Ex. Public Admin",-0.7081789883377599
950,Delaware,Establishments,Urban/Built-up Land,"Other Services, Ex. Public Admin",-0.2649456117578122
951,Greene,Establishments,Urban/Built-up Land,"Other Services, Ex. Public Admin",0.26957291784685644
952,Schoharie,Establishments,Urban/Built-up Land,"Other Services, Ex. Public Admin",-0.06239435236365272
953,Sullivan,Establishments,Urban/Built-up Land,"Other Services, Ex. Public Admin",-0.18368279978708954
954,Ulster,Establishments,Urban/Built-up Land,"Other Services, Ex. Public Admin",-0.5051871326105124
955,Delaware,Establishments,Others,"Other Services, Ex. Public Admin",-0.2695726862587984
956,Greene,Establishments,Others,"Other Services, Ex. Public Admin",0.17956181518403172
957,Schoharie,Establishments,Others,"Other Services, Ex. Public Admin",0.1792358179456568
958,Sullivan,Establishments,Others,"Other Services, Ex. Public Admin",0.03826972696182086
959,Ulster,Establishments,Others,"Other Services, Ex. Public Admin",-0.3627068035790658
960,Delaware,Real Average Salary,Agricultural Land,"Total, All Government",-0.5044311441915984
961,Greene,Real Average Salary,Agricultural Land,"Total, All Government",0.43049797829692105
962,Schoharie,Real Average Salary,Agricultural Land,"Total, All Government",-0.27855830043599467
963,Sullivan,Real Average Salary,Agricultural Land,"Total, All Government",-0.1979551910001819
964,Ulster,Real Average Salary,Agricultural Land,"Total, All Government",0.17256173346070744
965,Delaware,Real Average Salary,Forest Land,"Total, All Government",-0.44780525159597095
966,Greene,Real Average Salary,Forest Land,"Total, All Government",0.06669392382003196
967,Schoharie,Real Average Salary,Forest Land,"Total, All Government",0.3128792255139989
968,Sullivan,Real Average Salary,Forest Land,"Total, All Government",-0.1732811511444188
969,Ulster,Real Average Salary,Forest Land,"Total, All Government",-0.6950184174873426
970,Delaware,Real Average Salary,Urban/Built-up Land,"Total, All Government",-0.5261864184530995
971,Greene,Real Average Salary,Urban/Built-up Land,"Total, All Government",-0.21273910145092578
972,Schoharie,Real Average Salary,Urban/Built-up Land,"Total, All Government",0.022416502159086794
973,Sullivan,Real Average Salary,Urban/Built-up Land,"Total, All Government",-0.4257675932409797
974,Ulster,Real Average Salary,Urban/Built-up Land,"Total, All Government",-0.3924124934905936
975,Delaware,Real Average Salary,Others,"Total, All Government",-0.3966516547108527
976,Greene,Real Average Salary,Others,"Total, All Government",-0.04540802142564605
977,Schoharie,Real Average Salary,Others,"Total, All Government",0.15293235215722126
978,Sullivan,Real Average Salary,Others,"Total, All Government",0.08322276785690783
979,Ulster,Real Average Salary,Others,"Total, All Government",-0.32412663420263865
980,Delaware,Average Employment,Agricultural Land,"Total, All Government",0.5646241983156842
981,Greene,Average Employment,Agricultural Land,"Total, All Government",0.20398273857393923
982,Schoharie,Average Employment,Agricultural Land,"Total, All Government",-0.2060530828638975
983,Sullivan,Average Employment,Agricultural Land,"Total, All Government",0.21030457560626972
984,Ulster,Average Employment,Agricultural Land,"Total, All Government",0.08170560902710537
985,Delaware,Average Employment,Forest Land,"Total, All Government",0.4543141343726339
986,Greene,Average Employment,Forest Land,"Total, All Government",0.3764835670134356
987,Schoharie,Average Employment,Forest Land,"Total, All Government",0.2210069590164399
988,Sullivan,Average Employment,Forest Land,"Total, All Government",0.43246453311866373
989,Ulster,Average Employment,Forest Land,"Total, All Government",0.5594492821258741
990,Delaware,Average Employment,Urban/Built-up Land,"Total, All Government",0.39090019460624637
991,Greene,Average Employment,Urban/Built-up Land,"Total, All Government",0.6070332690972092
992,Schoharie,Average Employment,Urban/Built-up Land,"Total, All Government",-0.022048722282342968
993,Sullivan,Average Employment,Urban/Built-up Land,"Total, All Government",0.3036881246690518
994,Ulster,Average Employment,Urban/Built-up Land,"Total, All Government",0.34008594493496197
995,Delaware,Average Employment,Others,"Total, All Government",0.18784970061095457
996,Greene,Average Employment,Others,"Total, All Government",0.3890821454640539
997,Schoharie,Average Employment,Others,"Total, All Government",0.16957670719229734
998,Sullivan,Average Employment,Others,"Total, All Government",0.3705939433713306
999,Ulster,Average Employment,Others,"Total, All Government",0.39705452449961853
1000,Delaware,Establishments,Agricultural Land,"Total, All Government",-0.2221428707260271
1001,Greene,Establishments,Agricultural Land,"Total, All Government",-0.17569690992240816
1002,Schoharie,Establishments,Agricultural Land,"Total, All Government",0.08691546521395972
1003,Sullivan,Establishments,Agricultural Land,"Total, All Government",0.09661605277535786
1004,Ulster,Establishments,Agricultural Land,"Total, All Government",-0.032017225997043965
1005,Delaware,Establishments,Forest Land,"Total, All Government",-0.06059773833223612
1006,Greene,Establishments,Forest Land,"Total, All Government",0.11160109638367925
1007,Schoharie,Establishments,Forest Land,"Total, All Government",-0.4551380349360041
1008,Sullivan,Establishments,Forest Land,"Total, All Government",-0.3631558759855529
1009,Ulster,Establishments,Forest Land,"Total, All Government",-0.706225044153891
1010,Delaware,Establishments,Urban/Built-up Land,"Total, All Government",-0.009461380065820604
1011,Greene,Establishments,Urban/Built-up Land,"Total, All Government",0.48847516091878973
1012,Schoharie,Establishments,Urban/Built-up Land,"Total, All Government",-0.028586800987017068
1013,Sullivan,Establishments,Urban/Built-up Land,"Total, All Government",-0.13705832222583317
1014,Ulster,Establishments,Urban/Built-up Land,"Total, All Government",-0.41962639777542643
1015,Delaware,Establishments,Others,"Total, All Government",-0.06613081020784722
1016,Greene,Establishments,Others,"Total, All Government",0.31848500010643727
1017,Schoharie,Establishments,Others,"Total, All Government",-0.2679817624669517
1018,Sullivan,Establishments,Others,"Total, All Government",-0.23767434847985944
1019,Ulster,Establishments,Others,"Total, All Government",-0.3047498192229192
